student_id,career_id,career_title,rating,stream,career_stream
STU1000,11,Radiographer,5,Science,Science
STU1000,23,Commercial Farmer,5,Science,Science
STU1000,19,Paramedic / EMT,5,Science,Science
STU1000,26,Electrician,5,Science,Science
STU1000,10,Medical Lab Technician,5,Science,Science
STU1000,13,Biotech Lab Technician,5,Science,Science
STU1000,0,Civil Engineer,5,Science,Science
STU1000,29,Construction Equipment Operator,5,Science,Science
STU1000,12,Civil Engineering Technician,5,Science,Science
STU1000,5,Physicist,5,Science,Science
STU1000,24,Aquaculture Farmer,5,Science,Science
STU1000,17,Hospital Admissions Clerk,5,Science,Science
STU1000,76,Chef / Commercial Cook,4,Science,Vocational
STU1000,43,Bank Teller,3,Science,Commerce
STU1001,2,Physician,5,Science,Science
STU1001,5,Physicist,5,Science,Science
STU1001,4,Chemist,5,Science,Science
STU1001,1,Marine Engineer,5,Science,Science
STU1001,25,Forestry Officer,5,Science,Science
STU1001,6,Environmental Scientist,5,Science,Science
STU1001,24,Aquaculture Farmer,5,Science,Science
STU1001,11,Radiographer,5,Science,Science
STU1001,15,Mining Technician,5,Science,Science
STU1001,27,Electronics Mechanic,5,Science,Science
STU1001,29,Construction Equipment Operator,5,Science,Science
STU1001,72,Refrigeration & AC Technician,4,Science,Vocational
STU1001,21,Veterinary Assistant,3,Science,Science
STU1001,18,Lab Data Entry Clerk,4,Science,Science
STU1001,44,Bookkeeper,4,Science,Commerce
STU1001,75,Cabin Crew / Air Hostess,3,Science,Vocational
STU1002,12,Civil Engineering Technician,5,Science,Science
STU1002,24,Aquaculture Farmer,5,Science,Science
STU1002,7,Agricultural Scientist,5,Science,Science
STU1002,10,Medical Lab Technician,5,Science,Science
STU1002,3,Biologist,5,Science,Science
STU1002,4,Chemist,5,Science,Science
STU1002,25,Forestry Officer,5,Science,Science
STU1002,15,Mining Technician,5,Science,Science
STU1002,8,Biomedical Engineer,5,Science,Science
STU1002,23,Commercial Farmer,5,Science,Science
STU1002,6,Environmental Scientist,5,Science,Science
STU1002,18,Lab Data Entry Clerk,5,Science,Science
STU1002,76,Chef / Commercial Cook,4,Science,Vocational
STU1002,70,Solar PV Technician,3,Science,Vocational
STU1002,74,Inventory & Stores Clerk,4,Science,Vocational
STU1002,79,Police Officer,3,Science,Vocational
STU1002,48,Business Development Executive,2,Science,Commerce
STU1003,29,Construction Equipment Operator,5,Science,Science
STU1003,3,Biologist,5,Science,Science
STU1003,20,Physiotherapy Assistant,5,Science,Science
STU1003,11,Radiographer,5,Science,Science
STU1003,13,Biotech Lab Technician,5,Science,Science
STU1003,14,Solar Energy Technician,5,Science,Science
STU1003,18,Lab Data Entry Clerk,5,Science,Science
STU1003,26,Electrician,5,Science,Science
STU1003,8,Biomedical Engineer,5,Science,Science
STU1003,28,Agricultural Machine Operator,5,Science,Science
STU1003,22,Dialysis Technician,5,Science,Science
STU1003,85,Textile Worker / Weaver,5,Science,Vocational
STU1003,9,Nurse,5,Science,Science
STU1003,88,Agricultural Machine Operator,4,Science,Vocational
STU1003,12,Civil Engineering Technician,5,Science,Science
STU1003,77,Hairdresser / Beautician,3,Science,Vocational
STU1004,10,Medical Lab Technician,5,Science,Science
STU1004,11,Radiographer,5,Science,Science
STU1004,4,Chemist,5,Science,Science
STU1004,3,Biologist,5,Science,Science
STU1004,15,Mining Technician,5,Science,Science
STU1004,7,Agricultural Scientist,5,Science,Science
STU1004,6,Environmental Scientist,5,Science,Science
STU1004,18,Lab Data Entry Clerk,4,Science,Science
STU1004,82,Automobile Mechanic,3,Science,Vocational
STU1004,22,Dialysis Technician,4,Science,Science
STU1004,73,Logistics / Dispatch Clerk,2,Science,Vocational
STU1005,13,Biotech Lab Technician,5,Science,Science
STU1005,12,Civil Engineering Technician,5,Science,Science
STU1005,24,Aquaculture Farmer,5,Science,Science
STU1005,8,Biomedical Engineer,5,Science,Science
STU1005,7,Agricultural Scientist,5,Science,Science
STU1005,11,Radiographer,5,Science,Science
STU1005,0,Civil Engineer,5,Science,Science
STU1005,1,Marine Engineer,5,Science,Science
STU1005,5,Physicist,5,Science,Science
STU1005,67,Museum Curator,3,Science,Arts
STU1005,26,Electrician,4,Science,Science
STU1005,87,Construction Equipment Operator,2,Science,Vocational
STU1005,29,Construction Equipment Operator,5,Science,Science
STU1005,39,Insurance Agent,2,Science,Commerce
STU1006,4,Chemist,5,Science,Science
STU1006,3,Biologist,5,Science,Science
STU1006,8,Biomedical Engineer,5,Science,Science
STU1006,12,Civil Engineering Technician,5,Science,Science
STU1006,27,Electronics Mechanic,5,Science,Science
STU1006,7,Agricultural Scientist,5,Science,Science
STU1006,10,Medical Lab Technician,5,Science,Science
STU1006,77,Hairdresser / Beautician,3,Science,Vocational
STU1006,62,Library Clerk,3,Science,Arts
STU1006,28,Agricultural Machine Operator,5,Science,Science
STU1006,69,Print Machine Operator,3,Science,Arts
STU1007,12,Civil Engineering Technician,5,Science,Science
STU1007,11,Radiographer,5,Science,Science
STU1007,3,Biologist,5,Science,Science
STU1007,27,Electronics Mechanic,5,Science,Science
STU1007,28,Agricultural Machine Operator,5,Science,Science
STU1007,7,Agricultural Scientist,5,Science,Science
STU1007,18,Lab Data Entry Clerk,5,Science,Science
STU1007,10,Medical Lab Technician,5,Science,Science
STU1007,19,Paramedic / EMT,5,Science,Science
STU1007,25,Forestry Officer,5,Science,Science
STU1007,14,Solar Energy Technician,5,Science,Science
STU1007,26,Electrician,5,Science,Science
STU1007,88,Agricultural Machine Operator,3,Science,Vocational
STU1007,23,Commercial Farmer,5,Science,Science
STU1007,89,Industrial Machine Operator,4,Science,Vocational
STU1007,73,Logistics / Dispatch Clerk,4,Science,Vocational
STU1007,87,Construction Equipment Operator,3,Science,Vocational
STU1007,74,Inventory & Stores Clerk,5,Science,Vocational
STU1007,44,Bookkeeper,3,Science,Commerce
STU1007,57,Translator / Interpreter,3,Science,Arts
STU1008,2,Physician,5,Science,Science
STU1008,23,Commercial Farmer,5,Science,Science
STU1008,25,Forestry Officer,5,Science,Science
STU1008,4,Chemist,5,Science,Science
STU1008,12,Civil Engineering Technician,5,Science,Science
STU1008,24,Aquaculture Farmer,5,Science,Science
STU1008,27,Electronics Mechanic,5,Science,Science
STU1008,1,Marine Engineer,5,Science,Science
STU1008,13,Biotech Lab Technician,5,Science,Science
STU1008,68,Visual Artist / Painter,4,Science,Arts
STU1008,82,Automobile Mechanic,3,Science,Vocational
STU1008,62,Library Clerk,3,Science,Arts
STU1008,86,Commercial Vehicle Driver,2,Science,Vocational
STU1009,2,Physician,5,Science,Science
STU1009,8,Biomedical Engineer,5,Science,Science
STU1009,13,Biotech Lab Technician,5,Science,Science
STU1009,0,Civil Engineer,5,Science,Science
STU1009,10,Medical Lab Technician,5,Science,Science
STU1009,24,Aquaculture Farmer,5,Science,Science
STU1009,85,Textile Worker / Weaver,2,Science,Vocational
STU1009,14,Solar Energy Technician,5,Science,Science
STU1009,36,Policy Analyst,3,Science,Commerce
STU1009,53,Journalist,1,Science,Arts
STU1010,28,Agricultural Machine Operator,5,Science,Science
STU1010,4,Chemist,5,Science,Science
STU1010,25,Forestry Officer,5,Science,Science
STU1010,23,Commercial Farmer,5,Science,Science
STU1010,21,Veterinary Assistant,5,Science,Science
STU1010,19,Paramedic / EMT,5,Science,Science
STU1010,8,Biomedical Engineer,5,Science,Science
STU1010,85,Textile Worker / Weaver,3,Science,Vocational
STU1010,16,Medical Records Clerk,3,Science,Science
STU1010,74,Inventory & Stores Clerk,4,Science,Vocational
STU1010,42,Accounts Clerk,3,Science,Commerce
STU1011,5,Physicist,5,Science,Science
STU1011,12,Civil Engineering Technician,5,Science,Science
STU1011,15,Mining Technician,5,Science,Science
STU1011,0,Civil Engineer,5,Science,Science
STU1011,27,Electronics Mechanic,5,Science,Science
STU1011,3,Biologist,5,Science,Science
STU1011,11,Radiographer,5,Science,Science
STU1011,1,Marine Engineer,5,Science,Science
STU1011,25,Forestry Officer,5,Science,Science
STU1011,24,Aquaculture Farmer,5,Science,Science
STU1011,82,Automobile Mechanic,4,Science,Vocational
STU1011,19,Paramedic / EMT,5,Science,Science
STU1011,14,Solar Energy Technician,5,Science,Science
STU1011,29,Construction Equipment Operator,5,Science,Science
STU1011,70,Solar PV Technician,4,Science,Vocational
STU1011,32,Stockbroker,1,Science,Commerce
STU1012,13,Biotech Lab Technician,5,Science,Science
STU1012,0,Civil Engineer,5,Science,Science
STU1012,25,Forestry Officer,5,Science,Science
STU1012,14,Solar Energy Technician,5,Science,Science
STU1012,29,Construction Equipment Operator,5,Science,Science
STU1012,8,Biomedical Engineer,5,Science,Science
STU1012,10,Medical Lab Technician,5,Science,Science
STU1012,6,Environmental Scientist,5,Science,Science
STU1012,2,Physician,4,Science,Science
STU1012,12,Civil Engineering Technician,5,Science,Science
STU1012,3,Biologist,5,Science,Science
STU1012,9,Nurse,4,Science,Science
STU1012,65,School Teacher,1,Science,Arts
STU1013,7,Agricultural Scientist,5,Science,Science
STU1013,6,Environmental Scientist,5,Science,Science
STU1013,0,Civil Engineer,5,Science,Science
STU1013,24,Aquaculture Farmer,5,Science,Science
STU1013,12,Civil Engineering Technician,5,Science,Science
STU1013,10,Medical Lab Technician,5,Science,Science
STU1013,5,Physicist,5,Science,Science
STU1013,23,Commercial Farmer,5,Science,Science
STU1013,3,Biologist,5,Science,Science
STU1013,1,Marine Engineer,5,Science,Science
STU1013,54,Graphic Designer,3,Science,Arts
STU1013,76,Chef / Commercial Cook,4,Science,Vocational
STU1013,9,Nurse,5,Science,Science
STU1013,70,Solar PV Technician,4,Science,Vocational
STU1013,2,Physician,5,Science,Science
STU1013,68,Visual Artist / Painter,2,Science,Arts
STU1014,7,Agricultural Scientist,5,Science,Science
STU1014,24,Aquaculture Farmer,5,Science,Science
STU1014,10,Medical Lab Technician,5,Science,Science
STU1014,13,Biotech Lab Technician,5,Science,Science
STU1014,11,Radiographer,5,Science,Science
STU1014,1,Marine Engineer,5,Science,Science
STU1014,74,Inventory & Stores Clerk,3,Science,Vocational
STU1014,44,Bookkeeper,4,Science,Commerce
STU1014,62,Library Clerk,4,Science,Arts
STU1014,42,Accounts Clerk,3,Science,Commerce
STU1015,4,Chemist,5,Science,Science
STU1015,0,Civil Engineer,5,Science,Science
STU1015,24,Aquaculture Farmer,5,Science,Science
STU1015,1,Marine Engineer,5,Science,Science
STU1015,13,Biotech Lab Technician,5,Science,Science
STU1015,5,Physicist,5,Science,Science
STU1015,25,Forestry Officer,5,Science,Science
STU1015,7,Agricultural Scientist,5,Science,Science
STU1015,15,Mining Technician,5,Science,Science
STU1015,73,Logistics / Dispatch Clerk,3,Science,Vocational
STU1015,83,Baker / Pastry Chef,3,Science,Vocational
STU1015,3,Biologist,5,Science,Science
STU1015,26,Electrician,5,Science,Science
STU1015,55,Fashion Designer,2,Science,Arts
STU1016,8,Biomedical Engineer,5,Science,Science
STU1016,10,Medical Lab Technician,5,Science,Science
STU1016,24,Aquaculture Farmer,5,Science,Science
STU1016,27,Electronics Mechanic,5,Science,Science
STU1016,12,Civil Engineering Technician,5,Science,Science
STU1016,3,Biologist,5,Science,Science
STU1016,1,Marine Engineer,5,Science,Science
STU1016,23,Commercial Farmer,5,Science,Science
STU1016,7,Agricultural Scientist,5,Science,Science
STU1016,14,Solar Energy Technician,5,Science,Science
STU1016,28,Agricultural Machine Operator,5,Science,Science
STU1016,88,Agricultural Machine Operator,4,Science,Vocational
STU1016,75,Cabin Crew / Air Hostess,3,Science,Vocational
STU1016,41,Tax Inspector,2,Science,Commerce
STU1017,13,Biotech Lab Technician,5,Science,Science
STU1017,20,Physiotherapy Assistant,5,Science,Science
STU1017,7,Agricultural Scientist,5,Science,Science
STU1017,25,Forestry Officer,5,Science,Science
STU1017,12,Civil Engineering Technician,5,Science,Science
STU1017,3,Biologist,5,Science,Science
STU1017,15,Mining Technician,5,Science,Science
STU1017,22,Dialysis Technician,5,Science,Science
STU1017,10,Medical Lab Technician,5,Science,Science
STU1017,82,Automobile Mechanic,4,Science,Vocational
STU1017,88,Agricultural Machine Operator,4,Science,Vocational
STU1017,4,Chemist,5,Science,Science
STU1017,16,Medical Records Clerk,4,Science,Science
STU1017,62,Library Clerk,1,Science,Arts
STU1018,25,Forestry Officer,5,Science,Science
STU1018,24,Aquaculture Farmer,5,Science,Science
STU1018,6,Environmental Scientist,5,Science,Science
STU1018,12,Civil Engineering Technician,5,Science,Science
STU1018,10,Medical Lab Technician,5,Science,Science
STU1018,1,Marine Engineer,5,Science,Science
STU1018,0,Civil Engineer,5,Science,Science
STU1018,89,Industrial Machine Operator,3,Science,Vocational
STU1018,14,Solar Energy Technician,5,Science,Science
STU1018,77,Hairdresser / Beautician,4,Science,Vocational
STU1018,67,Museum Curator,3,Science,Arts
STU1019,19,Paramedic / EMT,5,Science,Science
STU1019,6,Environmental Scientist,5,Science,Science
STU1019,5,Physicist,5,Science,Science
STU1019,29,Construction Equipment Operator,5,Science,Science
STU1019,11,Radiographer,5,Science,Science
STU1019,26,Electrician,5,Science,Science
STU1019,14,Solar Energy Technician,5,Science,Science
STU1019,7,Agricultural Scientist,5,Science,Science
STU1019,18,Lab Data Entry Clerk,5,Science,Science
STU1019,12,Civil Engineering Technician,5,Science,Science
STU1019,15,Mining Technician,5,Science,Science
STU1019,21,Veterinary Assistant,5,Science,Science
STU1019,8,Biomedical Engineer,5,Science,Science
STU1019,9,Nurse,5,Science,Science
STU1019,78,Firefighter,3,Science,Vocational
STU1019,4,Chemist,5,Science,Science
STU1019,31,Financial Analyst,2,Science,Commerce
STU1020,20,Physiotherapy Assistant,5,Science,Science
STU1020,12,Civil Engineering Technician,5,Science,Science
STU1020,25,Forestry Officer,5,Science,Science
STU1020,4,Chemist,5,Science,Science
STU1020,26,Electrician,5,Science,Science
STU1020,15,Mining Technician,5,Science,Science
STU1020,27,Electronics Mechanic,5,Science,Science
STU1020,9,Nurse,4,Science,Science
STU1020,14,Solar Energy Technician,5,Science,Science
STU1020,33,Management Consultant,2,Science,Commerce
STU1021,8,Biomedical Engineer,5,Science,Science
STU1021,16,Medical Records Clerk,5,Science,Science
STU1021,4,Chemist,5,Science,Science
STU1021,6,Environmental Scientist,5,Science,Science
STU1021,24,Aquaculture Farmer,5,Science,Science
STU1021,0,Civil Engineer,5,Science,Science
STU1021,27,Electronics Mechanic,5,Science,Science
STU1021,25,Forestry Officer,5,Science,Science
STU1021,7,Agricultural Scientist,5,Science,Science
STU1021,17,Hospital Admissions Clerk,5,Science,Science
STU1021,84,Dairy Technician,3,Science,Vocational
STU1021,50,Psychologist,4,Science,Arts
STU1021,20,Physiotherapy Assistant,4,Science,Science
STU1021,60,Broadcast Presenter,1,Science,Arts
STU1022,5,Physicist,5,Science,Science
STU1022,11,Radiographer,5,Science,Science
STU1022,0,Civil Engineer,5,Science,Science
STU1022,23,Commercial Farmer,5,Science,Science
STU1022,25,Forestry Officer,5,Science,Science
STU1022,10,Medical Lab Technician,5,Science,Science
STU1022,13,Biotech Lab Technician,5,Science,Science
STU1022,76,Chef / Commercial Cook,3,Science,Vocational
STU1022,71,Air Traffic Control Technician,4,Science,Vocational
STU1022,55,Fashion Designer,3,Science,Arts
STU1023,5,Physicist,5,Science,Science
STU1023,14,Solar Energy Technician,5,Science,Science
STU1023,27,Electronics Mechanic,5,Science,Science
STU1023,19,Paramedic / EMT,5,Science,Science
STU1023,10,Medical Lab Technician,5,Science,Science
STU1023,0,Civil Engineer,5,Science,Science
STU1023,1,Marine Engineer,5,Science,Science
STU1023,26,Electrician,5,Science,Science
STU1023,18,Lab Data Entry Clerk,5,Science,Science
STU1023,13,Biotech Lab Technician,5,Science,Science
STU1023,6,Environmental Scientist,5,Science,Science
STU1023,69,Print Machine Operator,3,Science,Arts
STU1023,3,Biologist,5,Science,Science
STU1023,17,Hospital Admissions Clerk,4,Science,Science
STU1023,15,Mining Technician,5,Science,Science
STU1023,85,Textile Worker / Weaver,4,Science,Vocational
STU1023,62,Library Clerk,3,Science,Arts
STU1024,10,Medical Lab Technician,5,Science,Science
STU1024,23,Commercial Farmer,5,Science,Science
STU1024,3,Biologist,5,Science,Science
STU1024,4,Chemist,5,Science,Science
STU1024,25,Forestry Officer,5,Science,Science
STU1024,6,Environmental Scientist,5,Science,Science
STU1024,27,Electronics Mechanic,5,Science,Science
STU1024,15,Mining Technician,5,Science,Science
STU1024,8,Biomedical Engineer,5,Science,Science
STU1024,70,Solar PV Technician,4,Science,Vocational
STU1024,20,Physiotherapy Assistant,5,Science,Science
STU1024,18,Lab Data Entry Clerk,5,Science,Science
STU1024,71,Air Traffic Control Technician,3,Science,Vocational
STU1024,61,Technical Writer,3,Science,Arts
STU1025,6,Environmental Scientist,5,Science,Science
STU1025,24,Aquaculture Farmer,5,Science,Science
STU1025,18,Lab Data Entry Clerk,5,Science,Science
STU1025,3,Biologist,5,Science,Science
STU1025,21,Veterinary Assistant,5,Science,Science
STU1025,7,Agricultural Scientist,5,Science,Science
STU1025,16,Medical Records Clerk,4,Science,Science
STU1025,11,Radiographer,5,Science,Science
STU1025,87,Construction Equipment Operator,4,Science,Vocational
STU1025,37,Accountant,2,Science,Commerce
STU1026,24,Aquaculture Farmer,5,Science,Science
STU1026,11,Radiographer,5,Science,Science
STU1026,8,Biomedical Engineer,5,Science,Science
STU1026,1,Marine Engineer,5,Science,Science
STU1026,25,Forestry Officer,5,Science,Science
STU1026,10,Medical Lab Technician,5,Science,Science
STU1026,4,Chemist,5,Science,Science
STU1026,5,Physicist,5,Science,Science
STU1026,12,Civil Engineering Technician,5,Science,Science
STU1026,70,Solar PV Technician,4,Science,Vocational
STU1026,22,Dialysis Technician,5,Science,Science
STU1026,74,Inventory & Stores Clerk,4,Science,Vocational
STU1026,86,Commercial Vehicle Driver,3,Science,Vocational
STU1026,37,Accountant,2,Science,Commerce
STU1027,29,Construction Equipment Operator,5,Science,Science
STU1027,21,Veterinary Assistant,5,Science,Science
STU1027,0,Civil Engineer,5,Science,Science
STU1027,27,Electronics Mechanic,5,Science,Science
STU1027,18,Lab Data Entry Clerk,5,Science,Science
STU1027,28,Agricultural Machine Operator,5,Science,Science
STU1027,20,Physiotherapy Assistant,5,Science,Science
STU1027,54,Graphic Designer,3,Science,Arts
STU1027,7,Agricultural Scientist,5,Science,Science
STU1027,69,Print Machine Operator,4,Science,Arts
STU1027,64,Court Clerk,3,Science,Arts
STU1028,24,Aquaculture Farmer,5,Science,Science
STU1028,11,Radiographer,5,Science,Science
STU1028,8,Biomedical Engineer,5,Science,Science
STU1028,5,Physicist,5,Science,Science
STU1028,23,Commercial Farmer,5,Science,Science
STU1028,4,Chemist,5,Science,Science
STU1028,10,Medical Lab Technician,5,Science,Science
STU1028,7,Agricultural Scientist,5,Science,Science
STU1028,86,Commercial Vehicle Driver,4,Science,Vocational
STU1028,28,Agricultural Machine Operator,5,Science,Science
STU1028,18,Lab Data Entry Clerk,5,Science,Science
STU1028,83,Baker / Pastry Chef,3,Science,Vocational
STU1028,55,Fashion Designer,2,Science,Arts
STU1029,8,Biomedical Engineer,5,Science,Science
STU1029,27,Electronics Mechanic,5,Science,Science
STU1029,2,Physician,5,Science,Science
STU1029,5,Physicist,5,Science,Science
STU1029,11,Radiographer,5,Science,Science
STU1029,23,Commercial Farmer,5,Science,Science
STU1029,7,Agricultural Scientist,5,Science,Science
STU1029,12,Civil Engineering Technician,5,Science,Science
STU1029,57,Translator / Interpreter,3,Science,Arts
STU1029,82,Automobile Mechanic,3,Science,Vocational
STU1029,39,Insurance Agent,2,Science,Commerce
STU1029,51,Lawyer,4,Science,Arts
STU1029,78,Firefighter,2,Science,Vocational
STU1030,13,Biotech Lab Technician,5,Science,Science
STU1030,11,Radiographer,5,Science,Science
STU1030,10,Medical Lab Technician,5,Science,Science
STU1030,4,Chemist,5,Science,Science
STU1030,3,Biologist,5,Science,Science
STU1030,1,Marine Engineer,5,Science,Science
STU1030,5,Physicist,5,Science,Science
STU1030,25,Forestry Officer,5,Science,Science
STU1030,24,Aquaculture Farmer,5,Science,Science
STU1030,12,Civil Engineering Technician,5,Science,Science
STU1030,8,Biomedical Engineer,5,Science,Science
STU1030,23,Commercial Farmer,5,Science,Science
STU1030,62,Library Clerk,4,Science,Arts
STU1030,18,Lab Data Entry Clerk,4,Science,Science
STU1030,79,Police Officer,2,Science,Vocational
STU1030,21,Veterinary Assistant,5,Science,Science
STU1030,26,Electrician,5,Science,Science
STU1030,19,Paramedic / EMT,4,Science,Science
STU1030,31,Financial Analyst,1,Science,Commerce
STU1030,39,Insurance Agent,2,Science,Commerce
STU1031,3,Biologist,5,Science,Science
STU1031,1,Marine Engineer,5,Science,Science
STU1031,10,Medical Lab Technician,5,Science,Science
STU1031,27,Electronics Mechanic,5,Science,Science
STU1031,12,Civil Engineering Technician,5,Science,Science
STU1031,23,Commercial Farmer,5,Science,Science
STU1031,8,Biomedical Engineer,5,Science,Science
STU1031,5,Physicist,5,Science,Science
STU1031,25,Forestry Officer,5,Science,Science
STU1031,0,Civil Engineer,5,Science,Science
STU1031,13,Biotech Lab Technician,5,Science,Science
STU1031,24,Aquaculture Farmer,5,Science,Science
STU1031,74,Inventory & Stores Clerk,2,Science,Vocational
STU1031,57,Translator / Interpreter,4,Science,Arts
STU1031,70,Solar PV Technician,3,Science,Vocational
STU1031,82,Automobile Mechanic,4,Science,Vocational
STU1031,67,Museum Curator,4,Science,Arts
STU1031,73,Logistics / Dispatch Clerk,3,Science,Vocational
STU1031,87,Construction Equipment Operator,3,Science,Vocational
STU1031,31,Financial Analyst,2,Science,Commerce
STU1032,0,Civil Engineer,5,Science,Science
STU1032,8,Biomedical Engineer,5,Science,Science
STU1032,10,Medical Lab Technician,5,Science,Science
STU1032,11,Radiographer,5,Science,Science
STU1032,27,Electronics Mechanic,5,Science,Science
STU1032,12,Civil Engineering Technician,5,Science,Science
STU1032,3,Biologist,5,Science,Science
STU1032,6,Environmental Scientist,5,Science,Science
STU1032,2,Physician,5,Science,Science
STU1032,5,Physicist,5,Science,Science
STU1032,25,Forestry Officer,5,Science,Science
STU1032,23,Commercial Farmer,5,Science,Science
STU1032,21,Veterinary Assistant,4,Science,Science
STU1032,36,Policy Analyst,4,Science,Commerce
STU1032,45,Credit & Loans Officer,2,Science,Commerce
STU1032,33,Management Consultant,2,Science,Commerce
STU1032,22,Dialysis Technician,3,Science,Science
STU1032,61,Technical Writer,4,Science,Arts
STU1032,53,Journalist,1,Science,Arts
STU1032,58,Paralegal / Legal Assistant,2,Science,Arts
STU1033,27,Electronics Mechanic,5,Science,Science
STU1033,26,Electrician,5,Science,Science
STU1033,21,Veterinary Assistant,5,Science,Science
STU1033,28,Agricultural Machine Operator,5,Science,Science
STU1033,20,Physiotherapy Assistant,5,Science,Science
STU1033,29,Construction Equipment Operator,5,Science,Science
STU1033,23,Commercial Farmer,5,Science,Science
STU1033,16,Medical Records Clerk,5,Science,Science
STU1033,17,Hospital Admissions Clerk,5,Science,Science
STU1033,22,Dialysis Technician,5,Science,Science
STU1033,37,Accountant,3,Science,Commerce
STU1034,0,Civil Engineer,5,Science,Science
STU1034,13,Biotech Lab Technician,5,Science,Science
STU1034,8,Biomedical Engineer,5,Science,Science
STU1034,24,Aquaculture Farmer,5,Science,Science
STU1034,3,Biologist,5,Science,Science
STU1034,23,Commercial Farmer,5,Science,Science
STU1034,1,Marine Engineer,5,Science,Science
STU1034,4,Chemist,5,Science,Science
STU1034,5,Physicist,5,Science,Science
STU1034,6,Environmental Scientist,5,Science,Science
STU1034,36,Policy Analyst,4,Science,Commerce
STU1034,22,Dialysis Technician,3,Science,Science
STU1034,51,Lawyer,4,Science,Arts
STU1034,74,Inventory & Stores Clerk,2,Science,Vocational
STU1034,72,Refrigeration & AC Technician,4,Science,Vocational
STU1034,32,Stockbroker,2,Science,Commerce
STU1035,16,Medical Records Clerk,5,Science,Science
STU1035,1,Marine Engineer,5,Science,Science
STU1035,11,Radiographer,5,Science,Science
STU1035,4,Chemist,5,Science,Science
STU1035,13,Biotech Lab Technician,5,Science,Science
STU1035,2,Physician,5,Science,Science
STU1035,8,Biomedical Engineer,5,Science,Science
STU1035,15,Mining Technician,5,Science,Science
STU1035,10,Medical Lab Technician,5,Science,Science
STU1035,0,Civil Engineer,5,Science,Science
STU1035,27,Electronics Mechanic,5,Science,Science
STU1035,5,Physicist,5,Science,Science
STU1035,51,Lawyer,3,Science,Arts
STU1035,69,Print Machine Operator,2,Science,Arts
STU1035,36,Policy Analyst,4,Science,Commerce
STU1035,6,Environmental Scientist,5,Science,Science
STU1035,20,Physiotherapy Assistant,5,Science,Science
STU1035,12,Civil Engineering Technician,5,Science,Science
STU1035,60,Broadcast Presenter,1,Science,Arts
STU1035,84,Dairy Technician,3,Science,Vocational
STU1036,24,Aquaculture Farmer,5,Science,Science
STU1036,11,Radiographer,5,Science,Science
STU1036,10,Medical Lab Technician,5,Science,Science
STU1036,23,Commercial Farmer,5,Science,Science
STU1036,8,Biomedical Engineer,5,Science,Science
STU1036,1,Marine Engineer,5,Science,Science
STU1036,3,Biologist,5,Science,Science
STU1036,25,Forestry Officer,5,Science,Science
STU1036,12,Civil Engineering Technician,5,Science,Science
STU1036,13,Biotech Lab Technician,5,Science,Science
STU1036,17,Hospital Admissions Clerk,4,Science,Science
STU1036,51,Lawyer,4,Science,Arts
STU1036,68,Visual Artist / Painter,4,Science,Arts
STU1036,73,Logistics / Dispatch Clerk,2,Science,Vocational
STU1037,24,Aquaculture Farmer,5,Science,Science
STU1037,4,Chemist,5,Science,Science
STU1037,12,Civil Engineering Technician,5,Science,Science
STU1037,10,Medical Lab Technician,5,Science,Science
STU1037,0,Civil Engineer,5,Science,Science
STU1037,3,Biologist,5,Science,Science
STU1037,23,Commercial Farmer,5,Science,Science
STU1037,16,Medical Records Clerk,5,Science,Science
STU1037,25,Forestry Officer,5,Science,Science
STU1037,15,Mining Technician,5,Science,Science
STU1037,51,Lawyer,3,Science,Arts
STU1037,82,Automobile Mechanic,3,Science,Vocational
STU1037,22,Dialysis Technician,3,Science,Science
STU1037,50,Psychologist,4,Science,Arts
STU1037,26,Electrician,4,Science,Science
STU1037,42,Accounts Clerk,3,Science,Commerce
STU1038,29,Construction Equipment Operator,5,Science,Science
STU1038,11,Radiographer,5,Science,Science
STU1038,25,Forestry Officer,5,Science,Science
STU1038,3,Biologist,5,Science,Science
STU1038,7,Agricultural Scientist,5,Science,Science
STU1038,19,Paramedic / EMT,5,Science,Science
STU1038,21,Veterinary Assistant,5,Science,Science
STU1038,18,Lab Data Entry Clerk,5,Science,Science
STU1038,28,Agricultural Machine Operator,5,Science,Science
STU1038,10,Medical Lab Technician,5,Science,Science
STU1038,22,Dialysis Technician,5,Science,Science
STU1038,8,Biomedical Engineer,5,Science,Science
STU1038,2,Physician,4,Science,Science
STU1038,13,Biotech Lab Technician,5,Science,Science
STU1038,89,Industrial Machine Operator,3,Science,Vocational
STU1038,74,Inventory & Stores Clerk,3,Science,Vocational
STU1038,83,Baker / Pastry Chef,4,Science,Vocational
STU1038,17,Hospital Admissions Clerk,5,Science,Science
STU1038,60,Broadcast Presenter,2,Science,Arts
STU1038,66,Religious / Community Worker,2,Science,Arts
STU1039,20,Physiotherapy Assistant,5,Science,Science
STU1039,27,Electronics Mechanic,5,Science,Science
STU1039,4,Chemist,5,Science,Science
STU1039,0,Civil Engineer,5,Science,Science
STU1039,19,Paramedic / EMT,5,Science,Science
STU1039,10,Medical Lab Technician,5,Science,Science
STU1039,11,Radiographer,5,Science,Science
STU1039,29,Construction Equipment Operator,5,Science,Science
STU1039,14,Solar Energy Technician,5,Science,Science
STU1039,23,Commercial Farmer,5,Science,Science
STU1039,3,Biologist,5,Science,Science
STU1039,83,Baker / Pastry Chef,4,Science,Vocational
STU1039,79,Police Officer,4,Science,Vocational
STU1039,75,Cabin Crew / Air Hostess,3,Science,Vocational
STU1039,25,Forestry Officer,5,Science,Science
STU1039,63,Administrative Secretary,1,Science,Arts
STU1040,38,Credit Officer,5,Commerce,Commerce
STU1040,49,Finance Manager,5,Commerce,Commerce
STU1040,34,Advertising Manager,5,Commerce,Commerce
STU1040,37,Accountant,5,Commerce,Commerce
STU1040,41,Tax Inspector,5,Commerce,Commerce
STU1040,42,Accounts Clerk,5,Commerce,Commerce
STU1040,9,Nurse,2,Commerce,Science
STU1040,44,Bookkeeper,5,Commerce,Commerce
STU1040,48,Business Development Executive,5,Commerce,Commerce
STU1040,61,Technical Writer,1,Commerce,Arts
STU1041,45,Credit & Loans Officer,5,Commerce,Commerce
STU1041,31,Financial Analyst,5,Commerce,Commerce
STU1041,48,Business Development Executive,5,Commerce,Commerce
STU1041,49,Finance Manager,5,Commerce,Commerce
STU1041,40,Sales Representative,5,Commerce,Commerce
STU1041,43,Bank Teller,5,Commerce,Commerce
STU1041,38,Credit Officer,5,Commerce,Commerce
STU1041,46,Retail Store Manager,5,Commerce,Commerce
STU1041,30,Chartered Accountant,5,Commerce,Commerce
STU1041,42,Accounts Clerk,5,Commerce,Commerce
STU1041,32,Stockbroker,5,Commerce,Commerce
STU1041,29,Construction Equipment Operator,4,Commerce,Science
STU1041,69,Print Machine Operator,3,Commerce,Arts
STU1041,14,Solar Energy Technician,3,Commerce,Science
STU1041,81,Welder,4,Commerce,Vocational
STU1041,63,Administrative Secretary,5,Commerce,Arts
STU1041,20,Physiotherapy Assistant,2,Commerce,Science
STU1042,40,Sales Representative,5,Commerce,Commerce
STU1042,46,Retail Store Manager,5,Commerce,Commerce
STU1042,38,Credit Officer,5,Commerce,Commerce
STU1042,47,Sales Supervisor,5,Commerce,Commerce
STU1042,41,Tax Inspector,5,Commerce,Commerce
STU1042,30,Chartered Accountant,5,Commerce,Commerce
STU1042,39,Insurance Agent,5,Commerce,Commerce
STU1042,48,Business Development Executive,5,Commerce,Commerce
STU1042,45,Credit & Loans Officer,5,Commerce,Commerce
STU1042,43,Bank Teller,5,Commerce,Commerce
STU1042,26,Electrician,3,Commerce,Science
STU1042,58,Paralegal / Legal Assistant,5,Commerce,Arts
STU1042,80,Hotel Front Desk Officer,4,Commerce,Vocational
STU1042,44,Bookkeeper,5,Commerce,Commerce
STU1042,36,Policy Analyst,5,Commerce,Commerce
STU1042,20,Physiotherapy Assistant,2,Commerce,Science
STU1043,48,Business Development Executive,5,Commerce,Commerce
STU1043,31,Financial Analyst,5,Commerce,Commerce
STU1043,42,Accounts Clerk,5,Commerce,Commerce
STU1043,49,Finance Manager,5,Commerce,Commerce
STU1043,34,Advertising Manager,5,Commerce,Commerce
STU1043,33,Management Consultant,5,Commerce,Commerce
STU1043,38,Credit Officer,5,Commerce,Commerce
STU1043,41,Tax Inspector,5,Commerce,Commerce
STU1043,75,Cabin Crew / Air Hostess,2,Commerce,Vocational
STU1043,52,Social Worker,2,Commerce,Arts
STU1043,30,Chartered Accountant,5,Commerce,Commerce
STU1043,20,Physiotherapy Assistant,2,Commerce,Science
STU1043,25,Forestry Officer,2,Commerce,Science
STU1044,49,Finance Manager,5,Commerce,Commerce
STU1044,42,Accounts Clerk,5,Commerce,Commerce
STU1044,38,Credit Officer,5,Commerce,Commerce
STU1044,31,Financial Analyst,5,Commerce,Commerce
STU1044,37,Accountant,5,Commerce,Commerce
STU1044,39,Insurance Agent,5,Commerce,Commerce
STU1044,43,Bank Teller,5,Commerce,Commerce
STU1044,47,Sales Supervisor,5,Commerce,Commerce
STU1044,33,Management Consultant,5,Commerce,Commerce
STU1044,56,Film Director,4,Commerce,Arts
STU1044,36,Policy Analyst,5,Commerce,Commerce
STU1044,53,Journalist,4,Commerce,Arts
STU1044,63,Administrative Secretary,5,Commerce,Arts
STU1044,2,Physician,1,Commerce,Science
STU1045,45,Credit & Loans Officer,5,Commerce,Commerce
STU1045,46,Retail Store Manager,5,Commerce,Commerce
STU1045,31,Financial Analyst,5,Commerce,Commerce
STU1045,49,Finance Manager,5,Commerce,Commerce
STU1045,42,Accounts Clerk,5,Commerce,Commerce
STU1045,48,Business Development Executive,5,Commerce,Commerce
STU1045,32,Stockbroker,5,Commerce,Commerce
STU1045,62,Library Clerk,2,Commerce,Arts
STU1045,81,Welder,2,Commerce,Vocational
STU1045,28,Agricultural Machine Operator,3,Commerce,Science
STU1045,77,Hairdresser / Beautician,3,Commerce,Vocational
STU1046,30,Chartered Accountant,5,Commerce,Commerce
STU1046,39,Insurance Agent,5,Commerce,Commerce
STU1046,47,Sales Supervisor,5,Commerce,Commerce
STU1046,35,Public Relations Officer,5,Commerce,Commerce
STU1046,42,Accounts Clerk,5,Commerce,Commerce
STU1046,38,Credit Officer,5,Commerce,Commerce
STU1046,82,Automobile Mechanic,3,Commerce,Vocational
STU1046,6,Environmental Scientist,3,Commerce,Science
STU1046,46,Retail Store Manager,5,Commerce,Commerce
STU1046,7,Agricultural Scientist,3,Commerce,Science
STU1047,36,Policy Analyst,5,Commerce,Commerce
STU1047,35,Public Relations Officer,5,Commerce,Commerce
STU1047,45,Credit & Loans Officer,5,Commerce,Commerce
STU1047,30,Chartered Accountant,5,Commerce,Commerce
STU1047,47,Sales Supervisor,5,Commerce,Commerce
STU1047,41,Tax Inspector,5,Commerce,Commerce
STU1047,37,Accountant,5,Commerce,Commerce
STU1047,46,Retail Store Manager,5,Commerce,Commerce
STU1047,48,Business Development Executive,5,Commerce,Commerce
STU1047,79,Police Officer,2,Commerce,Vocational
STU1047,55,Fashion Designer,4,Commerce,Arts
STU1047,58,Paralegal / Legal Assistant,4,Commerce,Arts
STU1047,38,Credit Officer,5,Commerce,Commerce
STU1047,70,Solar PV Technician,1,Commerce,Vocational
STU1048,32,Stockbroker,5,Commerce,Commerce
STU1048,39,Insurance Agent,5,Commerce,Commerce
STU1048,45,Credit & Loans Officer,5,Commerce,Commerce
STU1048,37,Accountant,5,Commerce,Commerce
STU1048,47,Sales Supervisor,5,Commerce,Commerce
STU1048,48,Business Development Executive,5,Commerce,Commerce
STU1048,49,Finance Manager,5,Commerce,Commerce
STU1048,41,Tax Inspector,5,Commerce,Commerce
STU1048,31,Financial Analyst,5,Commerce,Commerce
STU1048,40,Sales Representative,5,Commerce,Commerce
STU1048,81,Welder,2,Commerce,Vocational
STU1048,88,Agricultural Machine Operator,2,Commerce,Vocational
STU1048,16,Medical Records Clerk,3,Commerce,Science
STU1048,58,Paralegal / Legal Assistant,3,Commerce,Arts
STU1048,63,Administrative Secretary,4,Commerce,Arts
STU1048,8,Biomedical Engineer,2,Commerce,Science
STU1049,45,Credit & Loans Officer,5,Commerce,Commerce
STU1049,33,Management Consultant,5,Commerce,Commerce
STU1049,31,Financial Analyst,5,Commerce,Commerce
STU1049,37,Accountant,5,Commerce,Commerce
STU1049,39,Insurance Agent,5,Commerce,Commerce
STU1049,48,Business Development Executive,5,Commerce,Commerce
STU1049,47,Sales Supervisor,5,Commerce,Commerce
STU1049,41,Tax Inspector,5,Commerce,Commerce
STU1049,40,Sales Representative,5,Commerce,Commerce
STU1049,76,Chef / Commercial Cook,2,Commerce,Vocational
STU1049,53,Journalist,4,Commerce,Arts
STU1049,87,Construction Equipment Operator,3,Commerce,Vocational
STU1049,88,Agricultural Machine Operator,2,Commerce,Vocational
STU1049,0,Civil Engineer,1,Commerce,Science
STU1050,35,Public Relations Officer,5,Commerce,Commerce
STU1050,32,Stockbroker,5,Commerce,Commerce
STU1050,30,Chartered Accountant,5,Commerce,Commerce
STU1050,40,Sales Representative,5,Commerce,Commerce
STU1050,36,Policy Analyst,5,Commerce,Commerce
STU1050,47,Sales Supervisor,5,Commerce,Commerce
STU1050,46,Retail Store Manager,5,Commerce,Commerce
STU1050,33,Management Consultant,5,Commerce,Commerce
STU1050,45,Credit & Loans Officer,5,Commerce,Commerce
STU1050,38,Credit Officer,5,Commerce,Commerce
STU1050,2,Physician,2,Commerce,Science
STU1050,19,Paramedic / EMT,2,Commerce,Science
STU1050,31,Financial Analyst,5,Commerce,Commerce
STU1050,60,Broadcast Presenter,4,Commerce,Arts
STU1050,53,Journalist,4,Commerce,Arts
STU1050,70,Solar PV Technician,3,Commerce,Vocational
STU1051,42,Accounts Clerk,5,Commerce,Commerce
STU1051,41,Tax Inspector,5,Commerce,Commerce
STU1051,31,Financial Analyst,5,Commerce,Commerce
STU1051,48,Business Development Executive,5,Commerce,Commerce
STU1051,37,Accountant,5,Commerce,Commerce
STU1051,39,Insurance Agent,5,Commerce,Commerce
STU1051,49,Finance Manager,5,Commerce,Commerce
STU1051,45,Credit & Loans Officer,5,Commerce,Commerce
STU1051,32,Stockbroker,5,Commerce,Commerce
STU1051,36,Policy Analyst,5,Commerce,Commerce
STU1051,34,Advertising Manager,5,Commerce,Commerce
STU1051,40,Sales Representative,5,Commerce,Commerce
STU1051,65,School Teacher,3,Commerce,Arts
STU1051,17,Hospital Admissions Clerk,3,Commerce,Science
STU1051,22,Dialysis Technician,2,Commerce,Science
STU1051,80,Hotel Front Desk Officer,2,Commerce,Vocational
STU1051,21,Veterinary Assistant,2,Commerce,Science
STU1051,9,Nurse,2,Commerce,Science
STU1051,84,Dairy Technician,3,Commerce,Vocational
STU1051,8,Biomedical Engineer,3,Commerce,Science
STU1052,39,Insurance Agent,5,Commerce,Commerce
STU1052,42,Accounts Clerk,5,Commerce,Commerce
STU1052,33,Management Consultant,5,Commerce,Commerce
STU1052,48,Business Development Executive,5,Commerce,Commerce
STU1052,47,Sales Supervisor,5,Commerce,Commerce
STU1052,38,Credit Officer,5,Commerce,Commerce
STU1052,46,Retail Store Manager,5,Commerce,Commerce
STU1052,30,Chartered Accountant,5,Commerce,Commerce
STU1052,40,Sales Representative,5,Commerce,Commerce
STU1052,32,Stockbroker,5,Commerce,Commerce
STU1052,85,Textile Worker / Weaver,4,Commerce,Vocational
STU1052,49,Finance Manager,5,Commerce,Commerce
STU1052,9,Nurse,3,Commerce,Science
STU1052,17,Hospital Admissions Clerk,4,Commerce,Science
STU1052,86,Commercial Vehicle Driver,4,Commerce,Vocational
STU1052,22,Dialysis Technician,1,Commerce,Science
STU1053,39,Insurance Agent,5,Commerce,Commerce
STU1053,47,Sales Supervisor,5,Commerce,Commerce
STU1053,38,Credit Officer,5,Commerce,Commerce
STU1053,40,Sales Representative,5,Commerce,Commerce
STU1053,33,Management Consultant,5,Commerce,Commerce
STU1053,43,Bank Teller,5,Commerce,Commerce
STU1053,32,Stockbroker,5,Commerce,Commerce
STU1053,41,Tax Inspector,5,Commerce,Commerce
STU1053,60,Broadcast Presenter,3,Commerce,Arts
STU1053,17,Hospital Admissions Clerk,3,Commerce,Science
STU1053,9,Nurse,2,Commerce,Science
STU1053,35,Public Relations Officer,5,Commerce,Commerce
STU1053,3,Biologist,3,Commerce,Science
STU1054,40,Sales Representative,5,Commerce,Commerce
STU1054,43,Bank Teller,5,Commerce,Commerce
STU1054,49,Finance Manager,5,Commerce,Commerce
STU1054,42,Accounts Clerk,5,Commerce,Commerce
STU1054,37,Accountant,5,Commerce,Commerce
STU1054,32,Stockbroker,5,Commerce,Commerce
STU1054,33,Management Consultant,5,Commerce,Commerce
STU1054,60,Broadcast Presenter,4,Commerce,Arts
STU1054,64,Court Clerk,4,Commerce,Arts
STU1054,45,Credit & Loans Officer,5,Commerce,Commerce
STU1054,5,Physicist,2,Commerce,Science
STU1055,46,Retail Store Manager,5,Commerce,Commerce
STU1055,32,Stockbroker,5,Commerce,Commerce
STU1055,49,Finance Manager,5,Commerce,Commerce
STU1055,39,Insurance Agent,5,Commerce,Commerce
STU1055,30,Chartered Accountant,5,Commerce,Commerce
STU1055,41,Tax Inspector,5,Commerce,Commerce
STU1055,45,Credit & Loans Officer,5,Commerce,Commerce
STU1055,33,Management Consultant,5,Commerce,Commerce
STU1055,47,Sales Supervisor,5,Commerce,Commerce
STU1055,43,Bank Teller,5,Commerce,Commerce
STU1055,37,Accountant,5,Commerce,Commerce
STU1055,42,Accounts Clerk,5,Commerce,Commerce
STU1055,88,Agricultural Machine Operator,3,Commerce,Vocational
STU1055,16,Medical Records Clerk,3,Commerce,Science
STU1055,36,Policy Analyst,5,Commerce,Commerce
STU1055,87,Construction Equipment Operator,2,Commerce,Vocational
STU1055,86,Commercial Vehicle Driver,3,Commerce,Vocational
STU1055,31,Financial Analyst,5,Commerce,Commerce
STU1055,76,Chef / Commercial Cook,3,Commerce,Vocational
STU1055,69,Print Machine Operator,2,Commerce,Arts
STU1056,40,Sales Representative,5,Commerce,Commerce
STU1056,43,Bank Teller,5,Commerce,Commerce
STU1056,31,Financial Analyst,5,Commerce,Commerce
STU1056,35,Public Relations Officer,5,Commerce,Commerce
STU1056,48,Business Development Executive,5,Commerce,Commerce
STU1056,37,Accountant,5,Commerce,Commerce
STU1056,41,Tax Inspector,5,Commerce,Commerce
STU1056,36,Policy Analyst,5,Commerce,Commerce
STU1056,34,Advertising Manager,5,Commerce,Commerce
STU1056,58,Paralegal / Legal Assistant,3,Commerce,Arts
STU1056,80,Hotel Front Desk Officer,2,Commerce,Vocational
STU1056,60,Broadcast Presenter,3,Commerce,Arts
STU1056,63,Administrative Secretary,3,Commerce,Arts
STU1056,15,Mining Technician,1,Commerce,Science
STU1057,37,Accountant,5,Commerce,Commerce
STU1057,32,Stockbroker,5,Commerce,Commerce
STU1057,49,Finance Manager,5,Commerce,Commerce
STU1057,40,Sales Representative,5,Commerce,Commerce
STU1057,30,Chartered Accountant,5,Commerce,Commerce
STU1057,39,Insurance Agent,5,Commerce,Commerce
STU1057,46,Retail Store Manager,5,Commerce,Commerce
STU1057,38,Credit Officer,5,Commerce,Commerce
STU1057,33,Management Consultant,5,Commerce,Commerce
STU1057,42,Accounts Clerk,5,Commerce,Commerce
STU1057,47,Sales Supervisor,5,Commerce,Commerce
STU1057,51,Lawyer,4,Commerce,Arts
STU1057,34,Advertising Manager,5,Commerce,Commerce
STU1057,44,Bookkeeper,5,Commerce,Commerce
STU1057,76,Chef / Commercial Cook,3,Commerce,Vocational
STU1057,26,Electrician,3,Commerce,Science
STU1057,67,Museum Curator,3,Commerce,Arts
STU1058,30,Chartered Accountant,5,Commerce,Commerce
STU1058,37,Accountant,5,Commerce,Commerce
STU1058,42,Accounts Clerk,5,Commerce,Commerce
STU1058,45,Credit & Loans Officer,5,Commerce,Commerce
STU1058,39,Insurance Agent,5,Commerce,Commerce
STU1058,32,Stockbroker,5,Commerce,Commerce
STU1058,38,Credit Officer,5,Commerce,Commerce
STU1058,49,Finance Manager,5,Commerce,Commerce
STU1058,47,Sales Supervisor,5,Commerce,Commerce
STU1058,41,Tax Inspector,5,Commerce,Commerce
STU1058,89,Industrial Machine Operator,3,Commerce,Vocational
STU1058,51,Lawyer,3,Commerce,Arts
STU1058,17,Hospital Admissions Clerk,3,Commerce,Science
STU1058,55,Fashion Designer,4,Commerce,Arts
STU1058,83,Baker / Pastry Chef,2,Commerce,Vocational
STU1058,10,Medical Lab Technician,2,Commerce,Science
STU1059,40,Sales Representative,5,Commerce,Commerce
STU1059,35,Public Relations Officer,5,Commerce,Commerce
STU1059,45,Credit & Loans Officer,5,Commerce,Commerce
STU1059,48,Business Development Executive,5,Commerce,Commerce
STU1059,41,Tax Inspector,5,Commerce,Commerce
STU1059,49,Finance Manager,5,Commerce,Commerce
STU1059,36,Policy Analyst,5,Commerce,Commerce
STU1059,42,Accounts Clerk,5,Commerce,Commerce
STU1059,39,Insurance Agent,5,Commerce,Commerce
STU1059,31,Financial Analyst,5,Commerce,Commerce
STU1059,47,Sales Supervisor,5,Commerce,Commerce
STU1059,46,Retail Store Manager,5,Commerce,Commerce
STU1059,34,Advertising Manager,5,Commerce,Commerce
STU1059,30,Chartered Accountant,5,Commerce,Commerce
STU1059,50,Psychologist,3,Commerce,Arts
STU1059,79,Police Officer,2,Commerce,Vocational
STU1059,59,Special Education Teacher,3,Commerce,Arts
STU1059,19,Paramedic / EMT,3,Commerce,Science
STU1059,87,Construction Equipment Operator,2,Commerce,Vocational
STU1059,72,Refrigeration & AC Technician,2,Commerce,Vocational
STU1060,38,Credit Officer,5,Commerce,Commerce
STU1060,33,Management Consultant,5,Commerce,Commerce
STU1060,40,Sales Representative,5,Commerce,Commerce
STU1060,32,Stockbroker,5,Commerce,Commerce
STU1060,47,Sales Supervisor,5,Commerce,Commerce
STU1060,31,Financial Analyst,5,Commerce,Commerce
STU1060,41,Tax Inspector,5,Commerce,Commerce
STU1060,62,Library Clerk,4,Commerce,Arts
STU1060,85,Textile Worker / Weaver,4,Commerce,Vocational
STU1060,46,Retail Store Manager,5,Commerce,Commerce
STU1060,78,Firefighter,3,Commerce,Vocational
STU1061,30,Chartered Accountant,5,Commerce,Commerce
STU1061,48,Business Development Executive,5,Commerce,Commerce
STU1061,42,Accounts Clerk,5,Commerce,Commerce
STU1061,41,Tax Inspector,5,Commerce,Commerce
STU1061,45,Credit & Loans Officer,5,Commerce,Commerce
STU1061,38,Credit Officer,5,Commerce,Commerce
STU1061,37,Accountant,5,Commerce,Commerce
STU1061,43,Bank Teller,5,Commerce,Commerce
STU1061,49,Finance Manager,5,Commerce,Commerce
STU1061,33,Management Consultant,5,Commerce,Commerce
STU1061,69,Print Machine Operator,2,Commerce,Arts
STU1061,66,Religious / Community Worker,3,Commerce,Arts
STU1061,81,Welder,2,Commerce,Vocational
STU1061,86,Commercial Vehicle Driver,2,Commerce,Vocational
STU1061,74,Inventory & Stores Clerk,3,Commerce,Vocational
STU1061,27,Electronics Mechanic,1,Commerce,Science
STU1062,49,Finance Manager,5,Commerce,Commerce
STU1062,37,Accountant,5,Commerce,Commerce
STU1062,45,Credit & Loans Officer,5,Commerce,Commerce
STU1062,48,Business Development Executive,5,Commerce,Commerce
STU1062,38,Credit Officer,5,Commerce,Commerce
STU1062,31,Financial Analyst,5,Commerce,Commerce
STU1062,46,Retail Store Manager,5,Commerce,Commerce
STU1062,42,Accounts Clerk,5,Commerce,Commerce
STU1062,32,Stockbroker,5,Commerce,Commerce
STU1062,65,School Teacher,2,Commerce,Arts
STU1062,34,Advertising Manager,5,Commerce,Commerce
STU1062,30,Chartered Accountant,5,Commerce,Commerce
STU1062,59,Special Education Teacher,2,Commerce,Arts
STU1062,7,Agricultural Scientist,2,Commerce,Science
STU1063,30,Chartered Accountant,5,Commerce,Commerce
STU1063,37,Accountant,5,Commerce,Commerce
STU1063,45,Credit & Loans Officer,5,Commerce,Commerce
STU1063,36,Policy Analyst,5,Commerce,Commerce
STU1063,46,Retail Store Manager,5,Commerce,Commerce
STU1063,47,Sales Supervisor,5,Commerce,Commerce
STU1063,38,Credit Officer,5,Commerce,Commerce
STU1063,20,Physiotherapy Assistant,3,Commerce,Science
STU1063,78,Firefighter,3,Commerce,Vocational
STU1063,64,Court Clerk,4,Commerce,Arts
STU1063,83,Baker / Pastry Chef,1,Commerce,Vocational
STU1064,42,Accounts Clerk,5,Commerce,Commerce
STU1064,32,Stockbroker,5,Commerce,Commerce
STU1064,48,Business Development Executive,5,Commerce,Commerce
STU1064,31,Financial Analyst,5,Commerce,Commerce
STU1064,45,Credit & Loans Officer,5,Commerce,Commerce
STU1064,33,Management Consultant,5,Commerce,Commerce
STU1064,40,Sales Representative,5,Commerce,Commerce
STU1064,49,Finance Manager,5,Commerce,Commerce
STU1064,39,Insurance Agent,5,Commerce,Commerce
STU1064,37,Accountant,5,Commerce,Commerce
STU1064,47,Sales Supervisor,5,Commerce,Commerce
STU1064,38,Credit Officer,5,Commerce,Commerce
STU1064,76,Chef / Commercial Cook,2,Commerce,Vocational
STU1064,16,Medical Records Clerk,2,Commerce,Science
STU1064,17,Hospital Admissions Clerk,2,Commerce,Science
STU1064,30,Chartered Accountant,5,Commerce,Commerce
STU1064,59,Special Education Teacher,2,Commerce,Arts
STU1064,63,Administrative Secretary,4,Commerce,Arts
STU1064,7,Agricultural Scientist,2,Commerce,Science
STU1064,65,School Teacher,2,Commerce,Arts
STU1065,41,Tax Inspector,5,Commerce,Commerce
STU1065,31,Financial Analyst,5,Commerce,Commerce
STU1065,32,Stockbroker,5,Commerce,Commerce
STU1065,33,Management Consultant,5,Commerce,Commerce
STU1065,43,Bank Teller,5,Commerce,Commerce
STU1065,49,Finance Manager,5,Commerce,Commerce
STU1065,37,Accountant,5,Commerce,Commerce
STU1065,40,Sales Representative,5,Commerce,Commerce
STU1065,46,Retail Store Manager,5,Commerce,Commerce
STU1065,47,Sales Supervisor,5,Commerce,Commerce
STU1065,39,Insurance Agent,5,Commerce,Commerce
STU1065,38,Credit Officer,5,Commerce,Commerce
STU1065,76,Chef / Commercial Cook,2,Commerce,Vocational
STU1065,80,Hotel Front Desk Officer,2,Commerce,Vocational
STU1065,69,Print Machine Operator,3,Commerce,Arts
STU1065,34,Advertising Manager,5,Commerce,Commerce
STU1065,9,Nurse,2,Commerce,Science
STU1065,64,Court Clerk,3,Commerce,Arts
STU1065,89,Industrial Machine Operator,3,Commerce,Vocational
STU1065,57,Translator / Interpreter,2,Commerce,Arts
STU1066,45,Credit & Loans Officer,5,Commerce,Commerce
STU1066,33,Management Consultant,5,Commerce,Commerce
STU1066,40,Sales Representative,5,Commerce,Commerce
STU1066,39,Insurance Agent,5,Commerce,Commerce
STU1066,31,Financial Analyst,5,Commerce,Commerce
STU1066,49,Finance Manager,5,Commerce,Commerce
STU1066,38,Credit Officer,5,Commerce,Commerce
STU1066,41,Tax Inspector,5,Commerce,Commerce
STU1066,30,Chartered Accountant,5,Commerce,Commerce
STU1066,26,Electrician,3,Commerce,Science
STU1066,35,Public Relations Officer,5,Commerce,Commerce
STU1066,88,Agricultural Machine Operator,3,Commerce,Vocational
STU1066,59,Special Education Teacher,3,Commerce,Arts
STU1066,54,Graphic Designer,2,Commerce,Arts
STU1067,46,Retail Store Manager,5,Commerce,Commerce
STU1067,38,Credit Officer,5,Commerce,Commerce
STU1067,48,Business Development Executive,5,Commerce,Commerce
STU1067,47,Sales Supervisor,5,Commerce,Commerce
STU1067,33,Management Consultant,5,Commerce,Commerce
STU1067,42,Accounts Clerk,5,Commerce,Commerce
STU1067,39,Insurance Agent,5,Commerce,Commerce
STU1067,43,Bank Teller,5,Commerce,Commerce
STU1067,32,Stockbroker,5,Commerce,Commerce
STU1067,85,Textile Worker / Weaver,2,Commerce,Vocational
STU1067,89,Industrial Machine Operator,2,Commerce,Vocational
STU1067,28,Agricultural Machine Operator,2,Commerce,Science
STU1067,62,Library Clerk,3,Commerce,Arts
STU1067,18,Lab Data Entry Clerk,3,Commerce,Science
STU1068,43,Bank Teller,5,Commerce,Commerce
STU1068,49,Finance Manager,5,Commerce,Commerce
STU1068,33,Management Consultant,5,Commerce,Commerce
STU1068,39,Insurance Agent,5,Commerce,Commerce
STU1068,40,Sales Representative,5,Commerce,Commerce
STU1068,38,Credit Officer,5,Commerce,Commerce
STU1068,37,Accountant,5,Commerce,Commerce
STU1068,9,Nurse,3,Commerce,Science
STU1068,85,Textile Worker / Weaver,3,Commerce,Vocational
STU1068,58,Paralegal / Legal Assistant,4,Commerce,Arts
STU1068,13,Biotech Lab Technician,3,Commerce,Science
STU1069,43,Bank Teller,5,Commerce,Commerce
STU1069,49,Finance Manager,5,Commerce,Commerce
STU1069,33,Management Consultant,5,Commerce,Commerce
STU1069,38,Credit Officer,5,Commerce,Commerce
STU1069,41,Tax Inspector,5,Commerce,Commerce
STU1069,40,Sales Representative,5,Commerce,Commerce
STU1069,76,Chef / Commercial Cook,2,Commerce,Vocational
STU1069,58,Paralegal / Legal Assistant,3,Commerce,Arts
STU1069,71,Air Traffic Control Technician,3,Commerce,Vocational
STU1069,86,Commercial Vehicle Driver,3,Commerce,Vocational
STU1070,54,Graphic Designer,5,Arts,Arts
STU1070,55,Fashion Designer,5,Arts,Arts
STU1070,56,Film Director,5,Arts,Arts
STU1070,57,Translator / Interpreter,5,Arts,Arts
STU1070,53,Journalist,5,Arts,Arts
STU1070,67,Museum Curator,5,Arts,Arts
STU1070,50,Psychologist,5,Arts,Arts
STU1070,51,Lawyer,5,Arts,Arts
STU1070,36,Policy Analyst,3,Arts,Commerce
STU1070,27,Electronics Mechanic,3,Arts,Science
STU1070,34,Advertising Manager,3,Arts,Commerce
STU1070,35,Public Relations Officer,4,Arts,Commerce
STU1070,84,Dairy Technician,2,Arts,Vocational
STU1071,67,Museum Curator,4,Arts,Arts
STU1071,64,Court Clerk,5,Arts,Arts
STU1071,68,Visual Artist / Painter,5,Arts,Arts
STU1071,61,Technical Writer,5,Arts,Arts
STU1071,62,Library Clerk,4,Arts,Arts
STU1071,58,Paralegal / Legal Assistant,5,Arts,Arts
STU1071,56,Film Director,5,Arts,Arts
STU1071,24,Aquaculture Farmer,2,Arts,Science
STU1071,16,Medical Records Clerk,2,Arts,Science
STU1071,19,Paramedic / EMT,4,Arts,Science
STU1071,28,Agricultural Machine Operator,3,Arts,Science
STU1072,67,Museum Curator,5,Arts,Arts
STU1072,65,School Teacher,5,Arts,Arts
STU1072,53,Journalist,5,Arts,Arts
STU1072,64,Court Clerk,4,Arts,Arts
STU1072,68,Visual Artist / Painter,5,Arts,Arts
STU1072,58,Paralegal / Legal Assistant,5,Arts,Arts
STU1072,56,Film Director,5,Arts,Arts
STU1072,46,Retail Store Manager,3,Arts,Commerce
STU1072,35,Public Relations Officer,5,Arts,Commerce
STU1072,47,Sales Supervisor,3,Arts,Commerce
STU1072,83,Baker / Pastry Chef,1,Arts,Vocational
STU1073,52,Social Worker,5,Arts,Arts
STU1073,50,Psychologist,5,Arts,Arts
STU1073,67,Museum Curator,5,Arts,Arts
STU1073,56,Film Director,5,Arts,Arts
STU1073,66,Religious / Community Worker,5,Arts,Arts
STU1073,53,Journalist,5,Arts,Arts
STU1073,59,Special Education Teacher,5,Arts,Arts
STU1073,68,Visual Artist / Painter,5,Arts,Arts
STU1073,60,Broadcast Presenter,4,Arts,Arts
STU1073,57,Translator / Interpreter,4,Arts,Arts
STU1073,36,Policy Analyst,2,Arts,Commerce
STU1073,82,Automobile Mechanic,2,Arts,Vocational
STU1073,64,Court Clerk,3,Arts,Arts
STU1073,74,Inventory & Stores Clerk,3,Arts,Vocational
STU1073,78,Firefighter,3,Arts,Vocational
STU1073,26,Electrician,1,Arts,Science
STU1074,50,Psychologist,5,Arts,Arts
STU1074,53,Journalist,5,Arts,Arts
STU1074,65,School Teacher,5,Arts,Arts
STU1074,68,Visual Artist / Painter,5,Arts,Arts
STU1074,54,Graphic Designer,5,Arts,Arts
STU1074,62,Library Clerk,4,Arts,Arts
STU1074,52,Social Worker,5,Arts,Arts
STU1074,60,Broadcast Presenter,5,Arts,Arts
STU1074,61,Technical Writer,5,Arts,Arts
STU1074,57,Translator / Interpreter,5,Arts,Arts
STU1074,55,Fashion Designer,5,Arts,Arts
STU1074,27,Electronics Mechanic,3,Arts,Science
STU1074,63,Administrative Secretary,3,Arts,Arts
STU1074,12,Civil Engineering Technician,3,Arts,Science
STU1074,69,Print Machine Operator,4,Arts,Arts
STU1074,0,Civil Engineer,3,Arts,Science
STU1074,39,Insurance Agent,2,Arts,Commerce
STU1075,68,Visual Artist / Painter,5,Arts,Arts
STU1075,57,Translator / Interpreter,5,Arts,Arts
STU1075,50,Psychologist,5,Arts,Arts
STU1075,53,Journalist,5,Arts,Arts
STU1075,55,Fashion Designer,5,Arts,Arts
STU1075,63,Administrative Secretary,4,Arts,Arts
STU1075,65,School Teacher,5,Arts,Arts
STU1075,22,Dialysis Technician,3,Arts,Science
STU1075,25,Forestry Officer,3,Arts,Science
STU1075,69,Print Machine Operator,4,Arts,Arts
STU1075,14,Solar Energy Technician,1,Arts,Science
STU1076,53,Journalist,4,Arts,Arts
STU1076,67,Museum Curator,4,Arts,Arts
STU1076,59,Special Education Teacher,5,Arts,Arts
STU1076,50,Psychologist,5,Arts,Arts
STU1076,66,Religious / Community Worker,5,Arts,Arts
STU1076,52,Social Worker,5,Arts,Arts
STU1076,56,Film Director,4,Arts,Arts
STU1076,51,Lawyer,4,Arts,Arts
STU1076,61,Technical Writer,4,Arts,Arts
STU1076,16,Medical Records Clerk,2,Arts,Science
STU1076,80,Hotel Front Desk Officer,4,Arts,Vocational
STU1076,19,Paramedic / EMT,3,Arts,Science
STU1076,21,Veterinary Assistant,4,Arts,Science
STU1076,71,Air Traffic Control Technician,2,Arts,Vocational
STU1077,53,Journalist,4,Arts,Arts
STU1077,56,Film Director,4,Arts,Arts
STU1077,67,Museum Curator,5,Arts,Arts
STU1077,60,Broadcast Presenter,5,Arts,Arts
STU1077,64,Court Clerk,5,Arts,Arts
STU1077,55,Fashion Designer,4,Arts,Arts
STU1077,50,Psychologist,5,Arts,Arts
STU1077,78,Firefighter,4,Arts,Vocational
STU1077,21,Veterinary Assistant,4,Arts,Science
STU1077,51,Lawyer,4,Arts,Arts
STU1077,47,Sales Supervisor,2,Arts,Commerce
STU1078,68,Visual Artist / Painter,4,Arts,Arts
STU1078,60,Broadcast Presenter,5,Arts,Arts
STU1078,53,Journalist,5,Arts,Arts
STU1078,65,School Teacher,5,Arts,Arts
STU1078,50,Psychologist,5,Arts,Arts
STU1078,59,Special Education Teacher,5,Arts,Arts
STU1078,57,Translator / Interpreter,5,Arts,Arts
STU1078,5,Physicist,2,Arts,Science
STU1078,34,Advertising Manager,2,Arts,Commerce
STU1078,10,Medical Lab Technician,2,Arts,Science
STU1078,1,Marine Engineer,2,Arts,Science
STU1079,57,Translator / Interpreter,5,Arts,Arts
STU1079,61,Technical Writer,5,Arts,Arts
STU1079,65,School Teacher,5,Arts,Arts
STU1079,62,Library Clerk,4,Arts,Arts
STU1079,67,Museum Curator,5,Arts,Arts
STU1079,53,Journalist,5,Arts,Arts
STU1079,52,Social Worker,5,Arts,Arts
STU1079,55,Fashion Designer,5,Arts,Arts
STU1079,54,Graphic Designer,5,Arts,Arts
STU1079,60,Broadcast Presenter,5,Arts,Arts
STU1079,68,Visual Artist / Painter,5,Arts,Arts
STU1079,69,Print Machine Operator,5,Arts,Arts
STU1079,35,Public Relations Officer,3,Arts,Commerce
STU1079,27,Electronics Mechanic,3,Arts,Science
STU1079,13,Biotech Lab Technician,3,Arts,Science
STU1079,63,Administrative Secretary,3,Arts,Arts
STU1079,8,Biomedical Engineer,2,Arts,Science
STU1079,58,Paralegal / Legal Assistant,3,Arts,Arts
STU1079,38,Credit Officer,3,Arts,Commerce
STU1079,28,Agricultural Machine Operator,1,Arts,Science
STU1080,66,Religious / Community Worker,4,Arts,Arts
STU1080,57,Translator / Interpreter,5,Arts,Arts
STU1080,60,Broadcast Presenter,5,Arts,Arts
STU1080,67,Museum Curator,5,Arts,Arts
STU1080,65,School Teacher,5,Arts,Arts
STU1080,54,Graphic Designer,5,Arts,Arts
STU1080,35,Public Relations Officer,3,Arts,Commerce
STU1080,69,Print Machine Operator,3,Arts,Arts
STU1080,10,Medical Lab Technician,2,Arts,Science
STU1080,27,Electronics Mechanic,1,Arts,Science
STU1081,55,Fashion Designer,5,Arts,Arts
STU1081,57,Translator / Interpreter,5,Arts,Arts
STU1081,53,Journalist,5,Arts,Arts
STU1081,67,Museum Curator,5,Arts,Arts
STU1081,58,Paralegal / Legal Assistant,5,Arts,Arts
STU1081,62,Library Clerk,4,Arts,Arts
STU1081,61,Technical Writer,5,Arts,Arts
STU1081,10,Medical Lab Technician,3,Arts,Science
STU1081,16,Medical Records Clerk,3,Arts,Science
STU1081,63,Administrative Secretary,5,Arts,Arts
STU1081,89,Industrial Machine Operator,1,Arts,Vocational
STU1082,68,Visual Artist / Painter,5,Arts,Arts
STU1082,52,Social Worker,5,Arts,Arts
STU1082,51,Lawyer,4,Arts,Arts
STU1082,67,Museum Curator,5,Arts,Arts
STU1082,53,Journalist,5,Arts,Arts
STU1082,58,Paralegal / Legal Assistant,5,Arts,Arts
STU1082,79,Police Officer,2,Arts,Vocational
STU1082,25,Forestry Officer,3,Arts,Science
STU1082,34,Advertising Manager,4,Arts,Commerce
STU1082,29,Construction Equipment Operator,3,Arts,Science
STU1083,52,Social Worker,5,Arts,Arts
STU1083,54,Graphic Designer,5,Arts,Arts
STU1083,57,Translator / Interpreter,4,Arts,Arts
STU1083,51,Lawyer,5,Arts,Arts
STU1083,55,Fashion Designer,4,Arts,Arts
STU1083,62,Library Clerk,5,Arts,Arts
STU1083,65,School Teacher,5,Arts,Arts
STU1083,66,Religious / Community Worker,5,Arts,Arts
STU1083,61,Technical Writer,4,Arts,Arts
STU1083,60,Broadcast Presenter,5,Arts,Arts
STU1083,63,Administrative Secretary,3,Arts,Arts
STU1083,80,Hotel Front Desk Officer,3,Arts,Vocational
STU1083,3,Biologist,3,Arts,Science
STU1083,75,Cabin Crew / Air Hostess,4,Arts,Vocational
STU1083,27,Electronics Mechanic,3,Arts,Science
STU1083,86,Commercial Vehicle Driver,3,Arts,Vocational
STU1084,67,Museum Curator,5,Arts,Arts
STU1084,51,Lawyer,4,Arts,Arts
STU1084,68,Visual Artist / Painter,5,Arts,Arts
STU1084,55,Fashion Designer,5,Arts,Arts
STU1084,58,Paralegal / Legal Assistant,5,Arts,Arts
STU1084,52,Social Worker,5,Arts,Arts
STU1084,63,Administrative Secretary,5,Arts,Arts
STU1084,45,Credit & Loans Officer,2,Arts,Commerce
STU1084,28,Agricultural Machine Operator,3,Arts,Science
STU1084,59,Special Education Teacher,4,Arts,Arts
STU1084,10,Medical Lab Technician,2,Arts,Science
STU1085,67,Museum Curator,5,Arts,Arts
STU1085,65,School Teacher,5,Arts,Arts
STU1085,57,Translator / Interpreter,5,Arts,Arts
STU1085,59,Special Education Teacher,5,Arts,Arts
STU1085,68,Visual Artist / Painter,5,Arts,Arts
STU1085,55,Fashion Designer,4,Arts,Arts
STU1085,25,Forestry Officer,2,Arts,Science
STU1085,36,Policy Analyst,2,Arts,Commerce
STU1085,7,Agricultural Scientist,2,Arts,Science
STU1085,81,Welder,2,Arts,Vocational
STU1086,51,Lawyer,5,Arts,Arts
STU1086,61,Technical Writer,5,Arts,Arts
STU1086,65,School Teacher,5,Arts,Arts
STU1086,50,Psychologist,5,Arts,Arts
STU1086,67,Museum Curator,5,Arts,Arts
STU1086,55,Fashion Designer,5,Arts,Arts
STU1086,68,Visual Artist / Painter,5,Arts,Arts
STU1086,62,Library Clerk,5,Arts,Arts
STU1086,54,Graphic Designer,5,Arts,Arts
STU1086,15,Mining Technician,3,Arts,Science
STU1086,4,Chemist,3,Arts,Science
STU1086,8,Biomedical Engineer,3,Arts,Science
STU1086,2,Physician,2,Arts,Science
STU1086,85,Textile Worker / Weaver,2,Arts,Vocational
STU1087,54,Graphic Designer,5,Arts,Arts
STU1087,53,Journalist,4,Arts,Arts
STU1087,55,Fashion Designer,5,Arts,Arts
STU1087,56,Film Director,5,Arts,Arts
STU1087,51,Lawyer,4,Arts,Arts
STU1087,59,Special Education Teacher,5,Arts,Arts
STU1087,66,Religious / Community Worker,5,Arts,Arts
STU1087,50,Psychologist,5,Arts,Arts
STU1087,58,Paralegal / Legal Assistant,4,Arts,Arts
STU1087,79,Police Officer,4,Arts,Vocational
STU1087,35,Public Relations Officer,2,Arts,Commerce
STU1087,17,Hospital Admissions Clerk,3,Arts,Science
STU1087,47,Sales Supervisor,2,Arts,Commerce
STU1088,61,Technical Writer,5,Arts,Arts
STU1088,57,Translator / Interpreter,5,Arts,Arts
STU1088,64,Court Clerk,5,Arts,Arts
STU1088,55,Fashion Designer,5,Arts,Arts
STU1088,56,Film Director,5,Arts,Arts
STU1088,68,Visual Artist / Painter,5,Arts,Arts
STU1088,58,Paralegal / Legal Assistant,4,Arts,Arts
STU1088,53,Journalist,5,Arts,Arts
STU1088,67,Museum Curator,5,Arts,Arts
STU1088,40,Sales Representative,3,Arts,Commerce
STU1088,50,Psychologist,4,Arts,Arts
STU1088,42,Accounts Clerk,3,Arts,Commerce
STU1088,32,Stockbroker,3,Arts,Commerce
STU1088,89,Industrial Machine Operator,3,Arts,Vocational
STU1089,55,Fashion Designer,5,Arts,Arts
STU1089,60,Broadcast Presenter,5,Arts,Arts
STU1089,53,Journalist,5,Arts,Arts
STU1089,68,Visual Artist / Painter,4,Arts,Arts
STU1089,56,Film Director,4,Arts,Arts
STU1089,54,Graphic Designer,4,Arts,Arts
STU1089,47,Sales Supervisor,3,Arts,Commerce
STU1089,69,Print Machine Operator,3,Arts,Arts
STU1089,85,Textile Worker / Weaver,2,Arts,Vocational
STU1089,15,Mining Technician,3,Arts,Science
STU1090,74,Inventory & Stores Clerk,5,Vocational,Vocational
STU1090,83,Baker / Pastry Chef,5,Vocational,Vocational
STU1090,76,Chef / Commercial Cook,5,Vocational,Vocational
STU1090,82,Automobile Mechanic,5,Vocational,Vocational
STU1090,73,Logistics / Dispatch Clerk,5,Vocational,Vocational
STU1090,70,Solar PV Technician,5,Vocational,Vocational
STU1090,84,Dairy Technician,5,Vocational,Vocational
STU1090,21,Veterinary Assistant,4,Vocational,Science
STU1090,1,Marine Engineer,3,Vocational,Science
STU1090,11,Radiographer,4,Vocational,Science
STU1090,17,Hospital Admissions Clerk,3,Vocational,Science
STU1091,77,Hairdresser / Beautician,5,Vocational,Vocational
STU1091,82,Automobile Mechanic,5,Vocational,Vocational
STU1091,83,Baker / Pastry Chef,5,Vocational,Vocational
STU1091,88,Agricultural Machine Operator,5,Vocational,Vocational
STU1091,76,Chef / Commercial Cook,5,Vocational,Vocational
STU1091,73,Logistics / Dispatch Clerk,5,Vocational,Vocational
STU1091,84,Dairy Technician,5,Vocational,Vocational
STU1091,75,Cabin Crew / Air Hostess,5,Vocational,Vocational
STU1091,72,Refrigeration & AC Technician,5,Vocational,Vocational
STU1091,79,Police Officer,5,Vocational,Vocational
STU1091,74,Inventory & Stores Clerk,5,Vocational,Vocational
STU1091,81,Welder,5,Vocational,Vocational
STU1091,29,Construction Equipment Operator,3,Vocational,Science
STU1091,22,Dialysis Technician,4,Vocational,Science
STU1091,26,Electrician,4,Vocational,Science
STU1091,4,Chemist,4,Vocational,Science
STU1091,28,Agricultural Machine Operator,3,Vocational,Science
STU1091,15,Mining Technician,4,Vocational,Science
STU1091,49,Finance Manager,2,Vocational,Commerce
STU1091,0,Civil Engineer,3,Vocational,Science
STU1092,73,Logistics / Dispatch Clerk,5,Vocational,Vocational
STU1092,79,Police Officer,5,Vocational,Vocational
STU1092,88,Agricultural Machine Operator,5,Vocational,Vocational
STU1092,81,Welder,5,Vocational,Vocational
STU1092,77,Hairdresser / Beautician,5,Vocational,Vocational
STU1092,87,Construction Equipment Operator,5,Vocational,Vocational
STU1092,89,Industrial Machine Operator,5,Vocational,Vocational
STU1092,80,Hotel Front Desk Officer,5,Vocational,Vocational
STU1092,84,Dairy Technician,5,Vocational,Vocational
STU1092,86,Commercial Vehicle Driver,5,Vocational,Vocational
STU1092,14,Solar Energy Technician,3,Vocational,Science
STU1092,63,Administrative Secretary,4,Vocational,Arts
STU1092,82,Automobile Mechanic,4,Vocational,Vocational
STU1092,46,Retail Store Manager,4,Vocational,Commerce
STU1092,18,Lab Data Entry Clerk,5,Vocational,Science
STU1092,0,Civil Engineer,2,Vocational,Science
STU1093,83,Baker / Pastry Chef,5,Vocational,Vocational
STU1093,76,Chef / Commercial Cook,5,Vocational,Vocational
STU1093,79,Police Officer,5,Vocational,Vocational
STU1093,89,Industrial Machine Operator,5,Vocational,Vocational
STU1093,73,Logistics / Dispatch Clerk,5,Vocational,Vocational
STU1093,85,Textile Worker / Weaver,5,Vocational,Vocational
STU1093,87,Construction Equipment Operator,5,Vocational,Vocational
STU1093,77,Hairdresser / Beautician,5,Vocational,Vocational
STU1093,71,Air Traffic Control Technician,5,Vocational,Vocational
STU1093,74,Inventory & Stores Clerk,5,Vocational,Vocational
STU1093,25,Forestry Officer,4,Vocational,Science
STU1093,5,Physicist,3,Vocational,Science
STU1093,81,Welder,5,Vocational,Vocational
STU1093,15,Mining Technician,3,Vocational,Science
STU1093,6,Environmental Scientist,3,Vocational,Science
STU1093,66,Religious / Community Worker,1,Vocational,Arts
STU1094,86,Commercial Vehicle Driver,5,Vocational,Vocational
STU1094,73,Logistics / Dispatch Clerk,5,Vocational,Vocational
STU1094,85,Textile Worker / Weaver,5,Vocational,Vocational
STU1094,77,Hairdresser / Beautician,5,Vocational,Vocational
STU1094,75,Cabin Crew / Air Hostess,5,Vocational,Vocational
STU1094,87,Construction Equipment Operator,5,Vocational,Vocational
STU1094,15,Mining Technician,4,Vocational,Science
STU1094,8,Biomedical Engineer,4,Vocational,Science
STU1094,23,Commercial Farmer,4,Vocational,Science
STU1094,60,Broadcast Presenter,2,Vocational,Arts
STU1095,86,Commercial Vehicle Driver,5,Vocational,Vocational
STU1095,81,Welder,5,Vocational,Vocational
STU1095,72,Refrigeration & AC Technician,5,Vocational,Vocational
STU1095,73,Logistics / Dispatch Clerk,5,Vocational,Vocational
STU1095,83,Baker / Pastry Chef,5,Vocational,Vocational
STU1095,85,Textile Worker / Weaver,5,Vocational,Vocational
STU1095,27,Electronics Mechanic,4,Vocational,Science
STU1095,20,Physiotherapy Assistant,4,Vocational,Science
STU1095,3,Biologist,4,Vocational,Science
STU1095,4,Chemist,3,Vocational,Science
STU1096,83,Baker / Pastry Chef,5,Vocational,Vocational
STU1096,76,Chef / Commercial Cook,5,Vocational,Vocational
STU1096,89,Industrial Machine Operator,5,Vocational,Vocational
STU1096,74,Inventory & Stores Clerk,5,Vocational,Vocational
STU1096,84,Dairy Technician,5,Vocational,Vocational
STU1096,77,Hairdresser / Beautician,5,Vocational,Vocational
STU1096,87,Construction Equipment Operator,5,Vocational,Vocational
STU1096,79,Police Officer,4,Vocational,Vocational
STU1096,73,Logistics / Dispatch Clerk,5,Vocational,Vocational
STU1096,85,Textile Worker / Weaver,5,Vocational,Vocational
STU1096,72,Refrigeration & AC Technician,4,Vocational,Vocational
STU1096,40,Sales Representative,4,Vocational,Commerce
STU1096,43,Bank Teller,4,Vocational,Commerce
STU1096,31,Financial Analyst,4,Vocational,Commerce
STU1096,49,Finance Manager,4,Vocational,Commerce
STU1096,27,Electronics Mechanic,3,Vocational,Science
STU1097,85,Textile Worker / Weaver,5,Vocational,Vocational
STU1097,76,Chef / Commercial Cook,5,Vocational,Vocational
STU1097,84,Dairy Technician,5,Vocational,Vocational
STU1097,83,Baker / Pastry Chef,5,Vocational,Vocational
STU1097,89,Industrial Machine Operator,5,Vocational,Vocational
STU1097,73,Logistics / Dispatch Clerk,5,Vocational,Vocational
STU1097,79,Police Officer,5,Vocational,Vocational
STU1097,70,Solar PV Technician,5,Vocational,Vocational
STU1097,78,Firefighter,5,Vocational,Vocational
STU1097,86,Commercial Vehicle Driver,5,Vocational,Vocational
STU1097,77,Hairdresser / Beautician,5,Vocational,Vocational
STU1097,21,Veterinary Assistant,3,Vocational,Science
STU1097,88,Agricultural Machine Operator,5,Vocational,Vocational
STU1097,72,Refrigeration & AC Technician,5,Vocational,Vocational
STU1097,54,Graphic Designer,3,Vocational,Arts
STU1097,81,Welder,5,Vocational,Vocational
STU1097,2,Physician,2,Vocational,Science
STU1098,84,Dairy Technician,5,Vocational,Vocational
STU1098,83,Baker / Pastry Chef,5,Vocational,Vocational
STU1098,81,Welder,5,Vocational,Vocational
STU1098,71,Air Traffic Control Technician,5,Vocational,Vocational
STU1098,80,Hotel Front Desk Officer,5,Vocational,Vocational
STU1098,74,Inventory & Stores Clerk,5,Vocational,Vocational
STU1098,75,Cabin Crew / Air Hostess,5,Vocational,Vocational
STU1098,45,Credit & Loans Officer,3,Vocational,Commerce
STU1098,31,Financial Analyst,4,Vocational,Commerce
STU1098,11,Radiographer,3,Vocational,Science
STU1099,70,Solar PV Technician,5,Vocational,Vocational
STU1099,87,Construction Equipment Operator,5,Vocational,Vocational
STU1099,81,Welder,5,Vocational,Vocational
STU1099,75,Cabin Crew / Air Hostess,5,Vocational,Vocational
STU1099,88,Agricultural Machine Operator,5,Vocational,Vocational
STU1099,71,Air Traffic Control Technician,5,Vocational,Vocational
STU1099,0,Civil Engineer,3,Vocational,Science
STU1099,25,Forestry Officer,3,Vocational,Science
STU1099,1,Marine Engineer,3,Vocational,Science
STU1099,50,Psychologist,2,Vocational,Arts
